{
  "num_points": 1693,
  "bbox_min": [
    1.7174245119094849,
    -2.5393877029418945,
    2.025318145751953
  ],
  "bbox_max": [
    4.538773059844971,
    1.8819159269332886,
    4.5436811447143555
  ],
  "xyz_std": [
    0.5321460962295532,
    1.2204817533493042,
    0.5324248671531677
  ]
}