{
  "num_points": 109574,
  "bbox_min": [
    1.892706036567688,
    -2.620150566101074,
    2.053347110748291
  ],
  "bbox_max": [
    4.5523552894592285,
    1.921783208847046,
    4.564207553863525
  ],
  "xyz_std": [
    0.6929193139076233,
    1.187300682067871,
    0.6503599882125854
  ]
}